"","diversity_shannon"
"HMP_2019_ibdmdb__CSM7KOKJ",2.2087154452597
"HMP_2019_ibdmdb__CSM79HGL_P",3.04194140608515
"HMP_2019_ibdmdb__MSM6J2HT",2.28119602875759
"HMP_2019_ibdmdb__MSMAPC7T",2.76649152576977
"HMP_2019_ibdmdb__MSMA26EL",2.29480790096947
"HMP_2019_ibdmdb__MSM79H8H",3.51579890424353
"HMP_2019_ibdmdb__MSM6J2KM",2.28414327701038
"HMP_2019_ibdmdb__CSM9X213",2.87679975202104
"HMP_2019_ibdmdb__CSM5FZ4C_P",2.36281678978224
"HMP_2019_ibdmdb__MSM79HA1",3.4525393412894
"HMP_2019_ibdmdb__MSM9VZOK",3.35296366032757
"HMP_2019_ibdmdb__MSM9VZIS",2.2422444300963
"HMP_2019_ibdmdb__MSM9VZIO",2.82905765157774
"HMP_2019_ibdmdb__CSM79HM5_P",2.5473872266364
"HMP_2019_ibdmdb__CSM79HI3",2.04901820520863
"HMP_2019_ibdmdb__CSM67UAW",3.28441144622745
"HMP_2019_ibdmdb__MSM79H7W",3.62879654555306
"HMP_2019_ibdmdb__CSM7KOO9",2.3871489287472
"HMP_2019_ibdmdb__MSMAPC5H",2.89265453711139
"HMP_2019_ibdmdb__MSMA26BX",2.97607658865676
"HMP_2019_ibdmdb__CSM79HJS",2.27372449622696
"HMP_2019_ibdmdb__MSM9VZMS",3.64618540600789
"HMP_2019_ibdmdb__MSM9VZJ3",2.25108150179758
"HMP_2019_ibdmdb__CSM5MCYS",2.94890811663936
"HMP_2019_ibdmdb__MSM6J2IG",3.01426701383629
"HMP_2019_ibdmdb__MSM79HFY",3.61896731438432
"HMP_2019_ibdmdb__MSMA267V",4.12684280674152
"HMP_2019_ibdmdb__CSM79HLA",3.52677481176798
"HMP_2019_ibdmdb__CSM5MCWG",0.731777316309528
"HMP_2019_ibdmdb__ESM5GEYW_P",3.53948210319383
"HMP_2019_ibdmdb__MSM9VZGS",3.80629242782465
"HMP_2019_ibdmdb__MSM9VZI6",1.87211236798287
"HMP_2019_ibdmdb__CSM67U9R_P",2.71771337680828
"HMP_2019_ibdmdb__CSM79HNE",2.03456011099938
"HMP_2019_ibdmdb__CSM7KOR8_P",2.73755471778386
"HMP_2019_ibdmdb__MSM79H89",2.85431943729709
"HMP_2019_ibdmdb__MSM9VZEQ",2.64585912824824
"HMP_2019_ibdmdb__CSM5MCW4_P",1.38459672705649
"HMP_2019_ibdmdb__CSM67UCK",3.07899193613346
"HMP_2019_ibdmdb__CSM5MCXZ_P",3.04230180445495
"HMP_2019_ibdmdb__MSM79H6J",3.93251261030734
"HMP_2019_ibdmdb__CSM67UET_P",2.83918930638723
"HMP_2019_ibdmdb__MSM9VZF3",2.55305766961759
"HMP_2019_ibdmdb__MSM6J2ON",1.22764265427745
"HMP_2019_ibdmdb__CSM79HL6",2.818694150633
"HMP_2019_ibdmdb__MSM79H9G",3.03560273106073
"HMP_2019_ibdmdb__MSM9VZFN",2.78605652055134
"HMP_2019_ibdmdb__CSM7KOUB",3.2965393887158
"HMP_2019_ibdmdb__CSM67UG8",3.32022664064456
"HMP_2019_ibdmdb__CSM5MCVD_P",1.89220729935529
"HMP_2019_ibdmdb__MSM7J16J",3.24664682176621
"HMP_2019_ibdmdb__MSM9VZEK_TR",2.14143802938298
"HMP_2019_ibdmdb__MSMAPC6E",2.70356259317595
"HMP_2019_ibdmdb__CSM79HNG_P",2.75225294775274
"HMP_2019_ibdmdb__CSM7KOJQ",2.44964810824349
"HMP_2019_ibdmdb__CSM9X22G",3.3603344709074
"HMP_2019_ibdmdb__CSM7KOPI",2.55897211298259
"HMP_2019_ibdmdb__MSM9VZES",3.38620156925581
"HMP_2019_ibdmdb__CSM9X237",2.97355255233891
"HMP_2019_ibdmdb__MSMB4LZ8",3.37584897168945
"HMP_2019_ibdmdb__MSM79HDM",3.0882170503959
"HMP_2019_ibdmdb__MSM9VZFJ_P",2.85327147438969
"HMP_2019_ibdmdb__CSM5MCWM_P",1.99848228092367
"HMP_2019_ibdmdb__MSM79HCK",2.3225197178445
"HMP_2019_ibdmdb__MSM9VZLZ",1.49279890217011
"HMP_2019_ibdmdb__MSM79HFW",3.61093717018227
"HMP_2019_ibdmdb__MSMA26CX",2.43606049337331
"HMP_2019_ibdmdb__MSM5LLHC",2.44295396468964
"HMP_2019_ibdmdb__MSM6J2MB",2.98740588784656
"HMP_2019_ibdmdb__MSM79H6D",4.00552268773012
"HMP_2019_ibdmdb__MSM6J2RG_P",2.33667262254436
"HMP_2019_ibdmdb__CSM79HHW",1.9259648214375
"HMP_2019_ibdmdb__CSM79HGP",2.21312364870909
"HMP_2019_ibdmdb__CSM7KOKD",2.68908358096495
"HMP_2019_ibdmdb__CSM7KOPS",2.95533197422545
"HMP_2019_ibdmdb__MSM5LLHG_P",3.2708121555806
"HMP_2019_ibdmdb__MSM5LLGL",2.43142956115517
"HMP_2019_ibdmdb__CSM79HRC",3.05917928884513
"HMP_2019_ibdmdb__CSM5MCXH",2.22999175441833
"HMP_2019_ibdmdb__CSM7KONW_P",3.26920416600429
"HMP_2019_ibdmdb__MSMAPC7P",2.08757388871683
"HMP_2019_ibdmdb__MSMAPC5Z",3.92033357877597
"HMP_2019_ibdmdb__MSM5FZA2_P",3.16138713069788
"HMP_2019_ibdmdb__CSM5MCU8_P",3.23012935295134
"HMP_2019_ibdmdb__CSM7KOSP",1.30922536386662
"HMP_2019_ibdmdb__CSM79HOT",3.0593552531783
"HMP_2019_ibdmdb__CSM79HJO",2.17668262163233
"HMP_2019_ibdmdb__CSM79HPK",1.48433591140367
"HMP_2019_ibdmdb__MSM79H6F",3.97592362325404
"HMP_2019_ibdmdb__CSM7KOKH_P",2.35731566520755
"HMP_2019_ibdmdb__MSM9VZGY",3.07428729821229
"HMP_2019_ibdmdb__CSM9X22S",2.68820949700051
"HMP_2019_ibdmdb__MSM79H9C",3.17213805878197
"HMP_2019_ibdmdb__MSMB4LZ4",2.93003969002524
"HMP_2019_ibdmdb__CSM7KOQ1",2.84936699721132
"HMP_2019_ibdmdb__MSM79HBN",2.05170505508975
"HMP_2019_ibdmdb__MSM79H8F",2.12956248907232
"HMP_2019_ibdmdb__MSM79H9A",2.99464082824349
"HMP_2019_ibdmdb__CSM79HGD_P",3.33006681636045
"HMP_2019_ibdmdb__CSM7KOR4_P",2.61176129362253
"HMP_2019_ibdmdb__CSM67UGC",1.85468227856502
"HMP_2019_ibdmdb__CSM79HJQ",2.13784804769243
"HMP_2019_ibdmdb__MSM9VZJF_P",3.9923134810411
"HMP_2019_ibdmdb__MSM79H8N",2.34841315830395
"HMP_2019_ibdmdb__MSM9VZMO",3.51626947983594
"HMP_2019_ibdmdb__CSM7KOJG",2.49182603220239
"HMP_2019_ibdmdb__MSM5LLI8_P",2.00767087287515
"HMP_2019_ibdmdb__CSM7KONS_P",1.29260966195958
"HMP_2019_ibdmdb__MSM9VZGO",3.77474438743066
"HMP_2019_ibdmdb__MSM6J2MJ",2.45450813359045
"HMP_2019_ibdmdb__CSM5MCTZ_P",3.24273343839956
"HMP_2019_ibdmdb__MSM9VZEY",2.53061392329105
"HMP_2019_ibdmdb__MSM9VZGW",3.41589567624764
"HMP_2019_ibdmdb__MSM79H94_P",1.98753703210002
"HMP_2019_ibdmdb__MSM9VZLX_P",2.19055929688907
"HMP_2019_ibdmdb__MSM79H98",3.04861578554843
"HMP_2019_ibdmdb__MSM79H7M",2.56783606716784
"HMP_2019_ibdmdb__MSM6J2RU",3.81293256506638
"HMP_2019_ibdmdb__MSM6J2IK",3.30470474702726
"HMP_2019_ibdmdb__MSM9VZKE",2.95229442901705
"HMP_2019_ibdmdb__MSM5LLGH_P",2.29957890896471
"HMP_2019_ibdmdb__CSM79HN2",3.6300857677399
"HMP_2019_ibdmdb__CSM79HJI_P",2.54989116173724
"HMP_2019_ibdmdb__CSM67UF5",3.48853519043027
"HMP_2019_ibdmdb__MSM5LLGD_P",2.3643654376911
"HMP_2019_ibdmdb__MSMAPC6G",2.95462376526641
"HMP_2019_ibdmdb__MSM7J16N",3.38528484047852
"HMP_2019_ibdmdb__CSM7KOLM",3.24885416935368
"HMP_2019_ibdmdb__CSM7KOJY",2.18484541291236
"HMP_2019_ibdmdb__MSM9VZKC",3.33546965330319
"HMP_2019_ibdmdb__CSM5MCWA_P",2.56537138535669
"HMP_2019_ibdmdb__CSM67UAI_P",2.05482403354656
"HMP_2019_ibdmdb__CSM79HLA_TR",3.2199101243877
"HMP_2019_ibdmdb__MSM6J2QP",2.66760451935284
"HMP_2019_ibdmdb__MSM5LLDI",2.37287279612625
"HMP_2019_ibdmdb__MSM79H8J_P",3.23158534472708
"HMP_2019_ibdmdb__CSMAIG7X",1.84397767555082
"HMP_2019_ibdmdb__MSM6J2KC",2.13755683784217
"HMP_2019_ibdmdb__MSM79HBX_P",2.76655993524904
"HMP_2019_ibdmdb__CSM67UDR_TR",2.53585280124183
"HMP_2019_ibdmdb__MSM9VZOY",2.69503764622731
"HMP_2019_ibdmdb__CSM79HHA",2.75936522610761
"HMP_2019_ibdmdb__CSM5MCXP",2.64727348267672
"HMP_2019_ibdmdb__MSM6J2M3_P",3.93248291061964
"HMP_2019_ibdmdb__MSM79H6Y",3.61085079266523
"HMP_2019_ibdmdb__CSM79HOJ",2.78682041451491
"HMP_2019_ibdmdb__MSM7J16R",3.01770280014412
"HMP_2019_ibdmdb__MSM9VZOO",1.94949963523229
"HMP_2019_ibdmdb__MSM6J2OL",1.25361066447107
"HMP_2019_ibdmdb__MSMA26BR",3.27150016192189
"HMP_2019_ibdmdb__MSM9VZMM",2.82199028649962
"HMP_2019_ibdmdb__MSM6J2JH_P",3.17047986389931
"HMP_2019_ibdmdb__CSM79HN6",3.59652960014142
"HMP_2019_ibdmdb__MSM6J2PS",3.74198513778958
"HMP_2019_ibdmdb__CSM79HOF",3.42700018559607
"HMP_2019_ibdmdb__CSM9X1Y3",2.82231781959347
"HMP_2019_ibdmdb__MSMA26BF",3.72279890449793
"HMP_2019_ibdmdb__CSM7KOTA",1.45316521243266
"HMP_2019_ibdmdb__CSM9X1Y5",3.29282052815644
"HMP_2019_ibdmdb__MSM79H5Q",2.67844028081467
"HMP_2019_ibdmdb__MSM79H85",2.4872128433886
"HMP_2019_ibdmdb__CSM5LLGB_P",2.56223774083142
"HMP_2019_ibdmdb__CSM79HNU",0.830648074791281
"HMP_2019_ibdmdb__CSM79HIB",2.17079320904705
"HMP_2019_ibdmdb__MSM79HCP",2.45603394716851
"HMP_2019_ibdmdb__MSM5LLHI_P",3.20170439845952
"HMP_2019_ibdmdb__MSM5LLF6",2.82020972566057
"HMP_2019_ibdmdb__CSM9X1ZO",3.21871827173325
"HMP_2019_ibdmdb__MSMAPC7R",2.06972359592481
"HMP_2019_ibdmdb__MSM79H5A",3.18592947152449
"HMP_2019_ibdmdb__MSM79HBL",3.28400148713177
"HMP_2019_ibdmdb__CSM79HR6",1.8866762991411
"HMP_2019_ibdmdb__CSM67U9X_P",2.05811328638822
"HMP_2019_ibdmdb__MSM5FZ9X_P",2.99659342778519
"HMP_2019_ibdmdb__CSM7KOOT",1.55665124761606
"HMP_2019_ibdmdb__MSM6J2JB",2.94454533478196
"HMP_2019_ibdmdb__CSM79HH4",2.24054068647491
"HMP_2019_ibdmdb__CSM9X21N",2.28335986007369
"HMP_2019_ibdmdb__MSMAPC5D",3.08082378767929
"HMP_2019_ibdmdb__CSM7KOSL",1.21716350689982
"HMP_2019_ibdmdb__MSM9VZHT",3.25163725599503
"HMP_2019_ibdmdb__MSM9VZNZ",2.77223837495489
"HMP_2019_ibdmdb__MSM6J2IE",2.70300541937287
"HMP_2019_ibdmdb__MSM6J2Q5",3.00994105851831
"HMP_2019_ibdmdb__CSM7KOQP_P",1.81570032277339
"HMP_2019_ibdmdb__MSM9VZM4_P",2.04675660736943
"HMP_2019_ibdmdb__CSM67U9B",3.16871653528419
"HMP_2019_ibdmdb__CSM7KOL2",2.45335063246897
"HMP_2019_ibdmdb__MSM5LLFU_P",1.78827782391649
"HMP_2019_ibdmdb__MSM5LLFM_P",1.51452816309895
"HMP_2019_ibdmdb__MSM6J2QJ",3.16446929848924
"HMP_2019_ibdmdb__MSMB4LZC",2.7495671729648
"HMP_2019_ibdmdb__MSMA26AP",2.87592378085921
"HMP_2019_ibdmdb__CSM79HJ4_P",2.14452000033167
"HMP_2019_ibdmdb__CSM79HH8",3.32612477800642
"HMP_2019_ibdmdb__MSM79H5S",2.99498950197187
"HMP_2019_ibdmdb__CSM7KOU7_P",3.34883209164961
"HMP_2019_ibdmdb__MSM6J2SK",1.76868302730178
"HMP_2019_ibdmdb__MSMAPC6O",3.80418047255083
"HMP_2019_ibdmdb__MSM9VZN4_P",3.03607868385585
"HMP_2019_ibdmdb__CSM5MCY2",3.22691367334671
"HMP_2019_ibdmdb__MSM79HDO",3.31295306818412
"HMP_2019_ibdmdb__MSM79HDE",1.96887495173257
"HMP_2019_ibdmdb__MSM6J2RA",2.7022769042432
"HMP_2019_ibdmdb__CSM5MCWI_P",1.92693425325386
"HMP_2019_ibdmdb__CSM9X22U",2.58677903170474
"HMP_2019_ibdmdb__MSM9VZP1",1.83162865456847
"HMP_2019_ibdmdb__MSM6J2HL",1.73314854795168
"HMP_2019_ibdmdb__MSM5LLFG_P",3.07007968778196
"HMP_2019_ibdmdb__ESM5GEYY_P",3.18612826065105
"HMP_2019_ibdmdb__MSM6J2R8",2.30649696833384
"HMP_2019_ibdmdb__CSM5MCW6",1.67474985233349
"HMP_2019_ibdmdb__MSM79H9U_P",2.41965839057408
"HMP_2019_ibdmdb__CSM79HR2",1.62085899583678
"HMP_2019_ibdmdb__CSM9X1ZY",3.11563360570846
"HMP_2019_ibdmdb__CSM5MCXX_P",3.12783905137982
"HMP_2019_ibdmdb__CSM7KOPE",2.94043653136408
"HMP_2019_ibdmdb__CSM79HGF",3.55601992181487
"HMP_2019_ibdmdb__MSM5LLDK",2.52873409462869
"HMP_2019_ibdmdb__MSM79HDQ",3.12324845138903
"HMP_2019_ibdmdb__CSM9X21J",2.64891175026911
"HMP_2019_ibdmdb__MSM9VZJB",2.82346916016962
"HMP_2019_ibdmdb__CSM79HIL",2.11372939591997
"HMP_2019_ibdmdb__MSMAPC6C",2.25459183365521
"HMP_2019_ibdmdb__CSMAF72L",2.24272646120082
"HMP_2019_ibdmdb__MSM6J2PK",2.7321691824145
"HMP_2019_ibdmdb__MSMAPC6M",3.84696130715328
"HMP_2019_ibdmdb__CSM79HMN",3.3469271379345
"HMP_2019_ibdmdb__CSM79HPU",0.771374237548167
"HMP_2019_ibdmdb__MSM79HA3",2.33879629675887
"HMP_2019_ibdmdb__CSM79HL4",2.76599816738622
"HMP_2019_ibdmdb__CSM7KORM",2.80737983367539
"HMP_2019_ibdmdb__MSMA26BH",3.62953771209241
"HMP_2019_ibdmdb__CSM67U9J",2.45105749789392
"HMP_2019_ibdmdb__MSM6J2MF",2.64262224549619
"HMP_2019_ibdmdb__MSM6J2JR",2.61596914289082
"HMP_2019_ibdmdb__MSM9VZHR",2.75551077562572
"HMP_2019_ibdmdb__CSM79HNW",1.08152625359499
"HMP_2019_ibdmdb__MSM9VZHZ",3.29045062816767
"HMP_2019_ibdmdb__MSM6J2K8",4.01212788299819
"HMP_2019_ibdmdb__MSM6J2II",3.57677195737371
"HMP_2019_ibdmdb__MSM6J2OJ",1.69534234335989
"HMP_2019_ibdmdb__CSM5MCV5_P",2.75652836408243
"HMP_2019_ibdmdb__MSM79HDQ_TR",3.15375339632398
"HMP_2019_ibdmdb__MSM5LLIK_P",2.44813189205241
"HMP_2019_ibdmdb__MSM79H5Y",2.72447161822435
"HMP_2019_ibdmdb__CSM79HGJ_P",2.43598024131795
"HMP_2019_ibdmdb__CSM7KOUN",2.84684680031028
"HMP_2019_ibdmdb__MSM79HEU",2.51159497933673
"HMP_2019_ibdmdb__MSM6J2KE",2.10767942611662
"HMP_2019_ibdmdb__CSM79HK9",3.0427208833771
"HMP_2019_ibdmdb__CSM67UB7_P",2.85736485798395
"HMP_2019_ibdmdb__CSMA9J65",2.56835122917334
"HMP_2019_ibdmdb__CSM5MCVB_P",0.784205067249796
"HMP_2019_ibdmdb__MSM6J2HN",2.51113418397246
"HMP_2019_ibdmdb__CSM9X21L",2.37158840537541
"HMP_2019_ibdmdb__CSM79HJ6_P",3.38484248585495
"HMP_2019_ibdmdb__MSM5LLIE_P",3.19625185770136
"HMP_2019_ibdmdb__MSM5LLDQ",2.57207268593495
"HMP_2019_ibdmdb__CSM7KOSV",3.4002254099796
"HMP_2019_ibdmdb__MSM79H63",2.52801888672081
"HMP_2019_ibdmdb__CSM67UA2",2.23754511261052
"HMP_2019_ibdmdb__CSM79HPM_P",2.75175459158424
"HMP_2019_ibdmdb__CSM5MCZ7",2.00467128509395
"HMP_2019_ibdmdb__CSM7KOKZ",2.52013315346764
"HMP_2019_ibdmdb__CSM5MCXL",2.54655333121316
"HMP_2019_ibdmdb__CSM67UFV",3.36708509069716
"HMP_2019_ibdmdb__CSM5FZ4G_P",2.83062459300512
"HMP_2019_ibdmdb__CSM79HLK",2.56372072350602
"HMP_2019_ibdmdb__ESM718U9_P",2.35850239795517
"HMP_2019_ibdmdb__MSM5LLHA_P",2.03240605568514
"HMP_2019_ibdmdb__MSM6J2J1",2.57789546358234
"HMP_2019_ibdmdb__MSM9VZO2",1.9624185436413
"HMP_2019_ibdmdb__MSM9VZMA_TR",2.05620143076497
"HMP_2019_ibdmdb__MSM9VZFR",2.25012618581263
"HMP_2019_ibdmdb__MSMA26EH",2.0497600454108
"HMP_2019_ibdmdb__CSM5MCVF_P",2.07406942243085
"HMP_2019_ibdmdb__CSM79HHU",3.37320893162841
"HMP_2019_ibdmdb__CSM9X211",2.90973656358937
"HMP_2019_ibdmdb__MSM5LLIS_P",1.6786216320188
"HMP_2019_ibdmdb__MSM6J2RK",3.77992903991403
"HMP_2019_ibdmdb__CSM5MCXD",2.51439249436966
"HMP_2019_ibdmdb__MSMA26AZ_TR",2.86705794702856
"HMP_2019_ibdmdb__CSM7KOTK",3.21393112857253
"HMP_2019_ibdmdb__CSM9X233",3.0291184608193
"HMP_2019_ibdmdb__MSM79HBT",2.54814358531764
"HMP_2019_ibdmdb__MSM9VZOS",2.37274108255969
"HMP_2019_ibdmdb__CSM7KOQ5_P",1.82058201167712
"HMP_2019_ibdmdb__MSM6J2R2",1.98311040384595
"HMP_2019_ibdmdb__CSM7KOMR_P",3.22675649453353
"HMP_2019_ibdmdb__MSMB4LYH",4.15386618681394
"HMP_2019_ibdmdb__CSM79HPQ_P",2.10497216325401
"HMP_2019_ibdmdb__CSM5MCYU_P",2.26191611696013
"HMP_2019_ibdmdb__CSM7KOPW",2.49061787903431
"HMP_2019_ibdmdb__MSM9VZFT",3.07864104184928
"HMP_2019_ibdmdb__CSM79HQV",1.68039917427649
"HMP_2019_ibdmdb__MSM5LLI6_P",2.40687282225542
"HMP_2019_ibdmdb__MSMB4LXY",3.62831608815162
"HMP_2019_ibdmdb__CSM7KONA",2.80162536772022
"HMP_2019_ibdmdb__CSM5YRY7_P",1.95304648856487
"HMP_2019_ibdmdb__CSM67UAQ",2.09820227007826
"HMP_2019_ibdmdb__MSM9VZJZ",2.91547087496695
"HMP_2019_ibdmdb__MSM79HC8",3.48753411813284
"HMP_2019_ibdmdb__CSM79HKV",1.76409576625272
"HMP_2019_ibdmdb__CSM67UEW_TR",3.50881372489237
"HMP_2019_ibdmdb__MSM79H6L",3.83428326089235
"HMP_2019_ibdmdb__MSM6J2ML",2.68327357478572
"HMP_2019_ibdmdb__CSM7KOMH",1.44075399918393
"HMP_2019_ibdmdb__MSM6J2HF",1.49256168512961
"HMP_2019_ibdmdb__MSMA26DG",2.97639606024264
"HMP_2019_ibdmdb__CSM79HRE",1.9737778710948
"HMP_2019_ibdmdb__MSM5LLIG_P",2.82500882709495
"HMP_2019_ibdmdb__CSM79HM9_P",3.23580237530444
"HMP_2019_ibdmdb__CSM79HPA",2.8363901473493
"HMP_2019_ibdmdb__MSM9VZMW",3.63729454552321
"HMP_2019_ibdmdb__MSM9VZIM",2.76939237809211
"HMP_2019_ibdmdb__CSM5FZ4A_P",2.00314680020877
"HMP_2019_ibdmdb__CSM9X1ZQ",2.9552425963342
"HMP_2019_ibdmdb__MSMA26EP",1.40370742399277
"HMP_2019_ibdmdb__CSM7KOUJ_P",2.29001176934268
"HMP_2019_ibdmdb__CSM5MCZ5",2.47640690703437
"HMP_2019_ibdmdb__MSM79HDG",1.59386768189729
"HMP_2019_ibdmdb__CSM67UB3",3.3127783082488
"HMP_2019_ibdmdb__MSM5LLHE_P",2.73532998257548
"HMP_2019_ibdmdb__CSM67UF1",3.2551925706401
"HMP_2019_ibdmdb__CSM7KOL4",3.19919830963253
"HMP_2019_ibdmdb__MSM79H65",3.26810391420562
"HMP_2019_ibdmdb__CSM7KOMX",2.94949731916805
"HMP_2019_ibdmdb__MSM5LLF8",1.9894526860868
"HMP_2019_ibdmdb__MSM6J2MH",2.68093631672751
"HMP_2019_ibdmdb__MSMB4LXS",2.19242099430487
"HMP_2019_ibdmdb__MSMA26EN",2.58083609496803
"HMP_2019_ibdmdb__MSM5LLF4",2.86768686994247
"HMP_2019_ibdmdb__CSM79HIH",2.29106084054232
"HMP_2019_ibdmdb__MSM6J2LL",3.01089502383047
"HMP_2019_ibdmdb__CSM7KOLA",3.32986485994918
"HMP_2019_ibdmdb__MSM5LLH2_P",2.31503883585911
"HMP_2019_ibdmdb__MSMA26AN",2.96927322855827
"HMP_2019_ibdmdb__CSM67UB9_P",1.67992885094613
"HMP_2019_ibdmdb__MSMB4LZV",3.6653561528567
"HMP_2019_ibdmdb__CSM7KOK5",2.76045468819313
"HMP_2019_ibdmdb__MSM5LLGN_P",2.43260246914573
"HMP_2019_ibdmdb__CSM7KOTO",2.32639693085586
"HMP_2019_ibdmdb__MSM5LLHO_P",3.1457290818681
"HMP_2019_ibdmdb__CSM7KOMT",3.39648380297805
"HMP_2019_ibdmdb__MSM9VZLH",3.87342115617595
"HMP_2019_ibdmdb__MSM9VZMA",2.00573232309204
"HMP_2019_ibdmdb__CSM7KOOV",2.09219584482931
"HMP_2019_ibdmdb__MSM5LLHX_P",2.43765082914111
"HMP_2019_ibdmdb__CSM79HR4",1.45939187019282
"HMP_2019_ibdmdb__CSMACTZP",2.81181377602553
"HMP_2019_ibdmdb__CSM79HGF_P",3.5588960744754
"HMP_2019_ibdmdb__MSM5LLHV_P",2.93805916752037
"HMP_2019_ibdmdb__CSM9X23B",2.98431009707697
"HMP_2019_ibdmdb__CSM79HIV",3.44621997492329
"HMP_2019_ibdmdb__CSM7KOU9",3.61971703988159
"HMP_2019_ibdmdb__CSM79HKZ",2.42885429340718
"HMP_2019_ibdmdb__MSM79H69",3.0085125558636
"HMP_2019_ibdmdb__CSM9X219",2.60067602847261
"HMP_2019_ibdmdb__CSM7KORI",2.15791407560697
"HMP_2019_ibdmdb__CSM79HQR_P",2.79157855264493
"HMP_2019_ibdmdb__CSM67U9P_P",2.93500717753658
"HMP_2019_ibdmdb__CSM79HIN",2.77966923477233
"HMP_2019_ibdmdb__CSM7KOPK",2.41003125096637
"HMP_2019_ibdmdb__CSM67U9V_P",2.87618039899553
"HMP_2019_ibdmdb__MSMAPC64",4.25891428358437
"HMP_2019_ibdmdb__CSM79HQZ",1.97260643541277
"HMP_2019_ibdmdb__MSM5LLDA",2.61022973378129
"HMP_2019_ibdmdb__MSM79HCN_P",2.34017947680584
"HMP_2019_ibdmdb__MSM5LLER",2.69417809175847
"HMP_2019_ibdmdb__MSM5LLF2_P",3.01106524661803
"HMP_2019_ibdmdb__CSM9X22K",3.28872536902937
"HMP_2019_ibdmdb__MSMB4LXW",3.18990172875448
"HMP_2019_ibdmdb__MSMA26DM",2.92645645570589
"HMP_2019_ibdmdb__CSM5MCUO",3.14417621614554
"HMP_2019_ibdmdb__MSM5LLDU",0.852054672205511
"HMP_2019_ibdmdb__CSM7KOPO",2.75005098742768
"HMP_2019_ibdmdb__MSM6J2SE",3.14025590184055
"HMP_2019_ibdmdb__MSM79H6B",2.76547275647419
"HMP_2019_ibdmdb__CSM67U9T_P",2.36795375025565
"HMP_2019_ibdmdb__MSMAPC5L",3.03664561023892
"HMP_2019_ibdmdb__MSM79HCG",1.97509878026983
"HMP_2019_ibdmdb__CSM79HIF",2.00416993222833
"HMP_2019_ibdmdb__CSM9X22I",3.59576075886895
"HMP_2019_ibdmdb__MSM9VZFF",3.42500861113946
"HMP_2019_ibdmdb__MSM9VZLJ",4.18121750690229
"HMP_2019_ibdmdb__MSM79HEY",2.05869537770121
"HMP_2019_ibdmdb__CSM67UAO",2.30816531060163
"HMP_2019_ibdmdb__CSM79HRG",2.7057196565044
"HMP_2019_ibdmdb__MSM6J2OH",1.63605635048941
"HMP_2019_ibdmdb__MSM6J2LN",2.896650240351
"HMP_2019_ibdmdb__MSMAPC55",3.72006333387387
"HMP_2019_ibdmdb__MSM6J2OP",1.55406134249872
"HMP_2019_ibdmdb__CSM67UAK",2.55676347003305
"HMP_2019_ibdmdb__CSM79HKB",2.90365131149914
"HMP_2019_ibdmdb__MSM6J2RO",2.70118387727775
"HMP_2019_ibdmdb__MSM9VZHP",3.25488985820958
"HMP_2019_ibdmdb__CSMAH393",2.86545734034506
"HMP_2019_ibdmdb__CSM5MCXT",2.94607683359961
"HMP_2019_ibdmdb__MSM9VZNR",2.02320221267884
"HMP_2019_ibdmdb__CSM7KOKN",2.28373809906764
"HMP_2019_ibdmdb__MSM6J2QL",2.54984684496926
"HMP_2019_ibdmdb__CSM67UB1",3.08005602593455
"HMP_2019_ibdmdb__CSM5MCYI_P",3.16328775341792
"HMP_2019_ibdmdb__MSM79HBR",1.64862627551566
"HMP_2019_ibdmdb__CSM7KOSH",2.72335349525032
"HMP_2019_ibdmdb__MSM6J2QR",2.40388886139592
"HMP_2019_ibdmdb__MSM6J2LV",3.16685259532927
"HMP_2019_ibdmdb__CSM7KOTU",3.16159358391315
"HMP_2019_ibdmdb__MSM6J2PO",3.28546020137972
"HMP_2019_ibdmdb__MSM9VZMU",3.63575417496816
"HMP_2019_ibdmdb__CSM79HHO",3.91894406466857
"HMP_2019_ibdmdb__MSM5LLD6_P",2.45841391305657
"HMP_2019_ibdmdb__MSM79H7G",2.81185168663315
"HMP_2019_ibdmdb__MSMAPC66",4.21725025046955
"HMP_2019_ibdmdb__MSM5LLIQ_P",0.678127966446783
"HMP_2019_ibdmdb__CSM7KOK7",3.06234412278217
"HMP_2019_ibdmdb__MSM79H87",1.96084311403
"HMP_2019_ibdmdb__MSMAPC7J",3.57273983251572
"HMP_2019_ibdmdb__CSM67UAY",3.32793464954257
"HMP_2019_ibdmdb__CSM67UDN",2.3878030996957
"HMP_2019_ibdmdb__MSM79HES",3.43663368619715
"HMP_2019_ibdmdb__MSM6J2LJ",2.58899725015727
"HMP_2019_ibdmdb__MSM79H9K",3.50806960243501
"HMP_2019_ibdmdb__MSM6J2RQ",3.6973357221915
"HMP_2019_ibdmdb__MSM6J2HR",2.6696825034106
"HMP_2019_ibdmdb__CSM79HJM",2.34191035970639
"HMP_2019_ibdmdb__MSM9VZPN",2.89537591419433
"HMP_2019_ibdmdb__CSM7KOLE",2.90920107493555
"HMP_2019_ibdmdb__CSM5MCU4_P",1.77857884183871
"HMP_2019_ibdmdb__MSMA26AL",3.52927558232684
"HMP_2019_ibdmdb__CSM79HG5",1.78586377643335
"HMP_2019_ibdmdb__MSM9VZJJ_P",2.62532583969138
"HMP_2019_ibdmdb__CSM5MCXV",2.94526323405881
"HMP_2019_ibdmdb__CSM79HPS",2.10096285022959
"HMP_2019_ibdmdb__MSM5LLI4_P",2.28180313731495
"HMP_2019_ibdmdb__MSM9VZPL",2.85059699125826
"HMP_2019_ibdmdb__MSM6J2LB",2.48478788340502
"HMP_2019_ibdmdb__CSM7KON8",3.13641241217313
"HMP_2019_ibdmdb__MSM9VZP3",1.83680972781445
"HMP_2019_ibdmdb__CSM7KORU",2.32174582887837
"HMP_2019_ibdmdb__MSMB4LZX",3.92584349623022
"HMP_2019_ibdmdb__MSM79H58",3.50845940519681
"HMP_2019_ibdmdb__CSM79HIZ",3.06205018882874
"HMP_2019_ibdmdb__MSM79H67",2.66873740914724
"HMP_2019_ibdmdb__MSM9VZEW",2.31270815439152
"HMP_2019_ibdmdb__CSM7KOP8",3.27678674161797
"HMP_2019_ibdmdb__CSM7KOST",1.52872268199155
"HMP_2019_ibdmdb__MSMA26BJ",3.74030332371388
"HMP_2019_ibdmdb__MSM9VZHL",3.19367167282566
"HMP_2019_ibdmdb__MSM7J16P",3.17863521343702
"HMP_2019_ibdmdb__MSMA267X",3.95728903414986
"HMP_2019_ibdmdb__CSM79HJ8_P",3.16021315058708
"HMP_2019_ibdmdb__MSMA26BN",3.40968599835771
"HMP_2019_ibdmdb__MSM6J2RS",1.02180213074931
"HMP_2019_ibdmdb__CSM67UGO",3.02582526029783
"HMP_2019_ibdmdb__MSM6J2KA",3.99285688272286
"HMP_2019_ibdmdb__MSM79H7Y",3.93352346414241
"HMP_2019_ibdmdb__MSM6J2QD",2.87114250391917
"HMP_2019_ibdmdb__CSM67UF1_P",3.30063944139909
"HMP_2019_ibdmdb__MSM6J2LY",3.87732685228695
"HMP_2019_ibdmdb__MSM79H8L",2.75548006919303
"HMP_2019_ibdmdb__MSM9VZFL",2.67631047883623
"HMP_2019_ibdmdb__MSM5LLDC",2.31218939362012
"HMP_2019_ibdmdb__MSM6J2Q3",2.61780452883137
"HMP_2019_ibdmdb__MSM79HA7",3.69108845718687
"HMP_2019_ibdmdb__CSM79HPO",1.7778832944123
"HMP_2019_ibdmdb__CSM67UDJ",2.3880299840578
"HMP_2019_ibdmdb__MSM79H6N",3.96871946341459
"HMP_2019_ibdmdb__MSM79H9Y",4.10938037338078
"HMP_2019_ibdmdb__MSM9VZEO",2.28511229900967
"HMP_2019_ibdmdb__MSM9VZOM",1.82217753577797
"HMP_2019_ibdmdb__MSM9VZHJ",2.65026627778806
"HMP_2019_ibdmdb__CSM7KOO5",2.25748418517846
"HMP_2019_ibdmdb__MSM6J2JP",2.09776389113357
"HMP_2019_ibdmdb__MSM6J2RC",2.40264568745645
"HMP_2019_ibdmdb__CSM7KOUL",2.52502941953257
"HMP_2019_ibdmdb__CSM9X23H",2.31686281333938
"HMP_2019_ibdmdb__MSM6J2PQ_P",3.36894723008838
"HMP_2019_ibdmdb__MSM79H6H",3.05039436705756
"HMP_2019_ibdmdb__CSM9X21R",2.45703553461731
"HMP_2019_ibdmdb__CSM7KOLY",2.77712034844743
"HMP_2019_ibdmdb__MSM79HBV",2.41063253713573
"HMP_2019_ibdmdb__MSM79HAH",2.72950010000641
"HMP_2019_ibdmdb__CSM7KORK",2.85609073666439
"HMP_2019_ibdmdb__MSMB4LZP",2.65205693590209
"HMP_2019_ibdmdb__CSM79HIR",3.25834465338236
"HMP_2019_ibdmdb__MSMA26CV",2.56088641180722
"HMP_2019_ibdmdb__CSM7KORG",2.73744260727726
"HMP_2019_ibdmdb__MSM79HC4",3.39741803061362
"HMP_2019_ibdmdb__MSM5LLHQ_P",2.02473061464484
"HMP_2019_ibdmdb__CSM5MCXN",3.07318792947966
"HMP_2019_ibdmdb__CSM79HIJ",2.2804909255281
"HMP_2019_ibdmdb__CSM7KOLK",3.42296087684331
"HMP_2019_ibdmdb__CSM67UEW_P",3.51994983286087
"HMP_2019_ibdmdb__CSM79HMT",3.20083014712361
"HMP_2019_ibdmdb__CSM5MCUE_P",2.53384799285065
"HMP_2019_ibdmdb__MSM9VZOQ",2.6343867736585
"HMP_2019_ibdmdb__MSMA26DO",2.78606830774782
"HMP_2019_ibdmdb__MSM79H8B",2.35436013467806
"HMP_2019_ibdmdb__MSMA26DK",3.08191714808656
"HMP_2019_ibdmdb__CSM79HLE",2.06308202564773
"HMP_2019_ibdmdb__MSM5LLHR_P",3.20751920239161
"HMP_2019_ibdmdb__CSM7KOJO",2.08394438306101
"HMP_2019_ibdmdb__CSM7KOKT",2.60691334283961
"HMP_2019_ibdmdb__CSM5FZ4E_P",2.46295890380219
"HMP_2019_ibdmdb__CSM7KOK3",2.81361871455705
"HMP_2019_ibdmdb__CSM9X1ZC",2.6178817343063
"HMP_2019_ibdmdb__CSM79HNO",1.26259484574075
"HMP_2019_ibdmdb__MSM9VZF5",2.74603243724158
"HMP_2019_ibdmdb__MSMA26AV",3.21725061026454
"HMP_2019_ibdmdb__MSMA26BT",2.8049326486965
"HMP_2019_ibdmdb__MSM6J2PU",2.98699444276659
"HMP_2019_ibdmdb__MSM79H5M",4.27252161397995
"HMP_2019_ibdmdb__CSM7KOS7",3.33595040656324
"HMP_2019_ibdmdb__CSM79HGH_P",3.20892432765259
"HMP_2019_ibdmdb__MSM6J2JZ",2.77932653191732
"HMP_2019_ibdmdb__MSM5LLDM",2.57610285224823
"HMP_2019_ibdmdb__MSM79H8D",3.00149706226251
"HMP_2019_ibdmdb__MSM6J2N6_P",1.27037177672213
"HMP_2019_ibdmdb__MSM6J2IM",3.65412689676506
"HMP_2019_ibdmdb__MSM5LLFK_P",1.51813827587072
"HMP_2019_ibdmdb__MSM6J2QH",2.98048137858627
"HMP_2019_ibdmdb__MSM79HEA",1.88410790534172
"HMP_2019_ibdmdb__MSM9VZLF",3.84741959968591
"HMP_2019_ibdmdb__MSM6J2LR",2.73515591489696
"HMP_2019_ibdmdb__MSMA26AZ",2.85012424946253
"HMP_2019_ibdmdb__CSM67UAG",2.47856745484088
"HMP_2019_ibdmdb__MSM9VZNX",2.30485932900436
"HMP_2019_ibdmdb__MSM6J2IO",2.92727650547335
"HMP_2019_ibdmdb__MSM79H7C",2.7012828662336
"HMP_2019_ibdmdb__CSM7KOKB",2.54727631672917
"HMP_2019_ibdmdb__MSM9VZIQ",2.53432183933769
"HMP_2019_ibdmdb__CSM67UCU_P",2.66556598364566
"HMP_2019_ibdmdb__CSM7KOOD",2.4721937862286
"HMP_2019_ibdmdb__CSM79HNI",3.01727329374954
"HMP_2019_ibdmdb__MSM9VZPH",3.16888093586657
"HMP_2019_ibdmdb__CSM7KOPM",2.35896869727782
"HMP_2019_ibdmdb__CSM9X1Z4",2.64827270755552
"HMP_2019_ibdmdb__MSM6J2Q1",3.41929009170232
"HMP_2019_ibdmdb__MSM79H7Q",3.57708239748931
"HMP_2019_ibdmdb__MSMA26AR",3.38520187866043
"HMP_2019_ibdmdb__CSM5MCZB",2.59443070909198
"HMP_2019_ibdmdb__MSM6J2LH",2.9539898797254
"HMP_2019_ibdmdb__CSM79HOH",2.91447590724263
"HMP_2019_ibdmdb__MSM6J2K6",2.64773593576781
"HMP_2019_ibdmdb__MSM5LLDS",2.07837086994992
"HMP_2019_ibdmdb__MSM9VZOI",1.85780217629644
"HMP_2019_ibdmdb__CSM5FZ4M",2.1446540574085
"HMP_2019_ibdmdb__MSM5LLGJ_P",2.55702779382245
"HMP_2019_ibdmdb__CSM79HIX",2.75141727109511
"HMP_2019_ibdmdb__MSM79H5K",4.23362236839092
"HMP_2019_ibdmdb__MSM79HD8_P",2.82093885258538
"HMP_2019_ibdmdb__CSM9X23N",2.27453641940427
"HMP_2019_ibdmdb__CSM5MCVZ_P",1.33175622664806
"HMP_2019_ibdmdb__MSM79H83",2.07196157028669
"HMP_2019_ibdmdb__MSM79HB6",3.03719644710019
"HMP_2019_ibdmdb__MSM9VZMI",1.55411653070453
"HMP_2019_ibdmdb__CSM67UC6",2.6313095309845
"HMP_2019_ibdmdb__CSM67UBZ",2.70817049060237
"HMP_2019_ibdmdb__CSM67UBB",2.1148587425975
"HMP_2019_ibdmdb__MSM79H54",2.91981034812217
"HMP_2019_ibdmdb__MSM9VZIU",2.68264856383843
"HMP_2019_ibdmdb__CSM67U9N",2.9061258740513
"HMP_2019_ibdmdb__CSM5MCWE",2.09314818464512
"HMP_2019_ibdmdb__CSM7KOKF",2.24109092572772
"HMP_2019_ibdmdb__CSM67UBX",2.56865312285081
"HMP_2019_ibdmdb__MSM6J2PW",3.22302834172779
"HMP_2019_ibdmdb__MSM6J2IY",2.47469720952342
"HMP_2019_ibdmdb__MSM79HDC",1.67123875288101
"HMP_2019_ibdmdb__MSMA26BV",3.41904513128728
"HMP_2019_ibdmdb__CSM5MCVV_P",2.47592314374159
"HMP_2019_ibdmdb__CSM5MCX3",3.20445239223406
"HMP_2019_ibdmdb__CSM5MCWC",1.59514510037845
"HMP_2019_ibdmdb__CSM79HNM",3.00057006324478
"HMP_2019_ibdmdb__CSM7KOJE",2.50301648444769
"HMP_2019_ibdmdb__MSMA26AX",2.91143668618699
"HMP_2019_ibdmdb__MSMA26EJ",2.40130400103541
"HMP_2019_ibdmdb__MSMB4LZZ",3.64375635051929
"HMP_2019_ibdmdb__CSM79HKX",2.68369849902722
"HMP_2019_ibdmdb__MSM9VZH7",3.3868307124156
"HMP_2019_ibdmdb__CSM5MCWQ",3.0125676041696
"HMP_2019_ibdmdb__CSM67UAU",3.40517996240365
"HMP_2019_ibdmdb__MSM79HDU",2.69703203408423
"HMP_2019_ibdmdb__CSM67UEP_P",3.21573484347365
"HMP_2019_ibdmdb__MSM6J2HJ",2.10618765820269
"HMP_2019_ibdmdb__CSM7KOSX",3.62430515898986
"HMP_2019_ibdmdb__MSM6J2LT",3.20448500605625
"HMP_2019_ibdmdb__MSMAPC6A",3.12240972506242
"HMP_2019_ibdmdb__MSM9VZEM",2.4340903789617
"HMP_2019_ibdmdb__MSMA26DI",3.23791460228079
"HMP_2019_ibdmdb__MSM5LLGR_P",2.8292671760223
"HMP_2019_ibdmdb__CSM79HOL",3.09531437808385
"HMP_2019_ibdmdb__CSM7KOTS",3.22819367849685
"HMP_2019_ibdmdb__MSM9VZGU",3.88040412500124
"HMP_2019_ibdmdb__MSM5LLI2_P",2.15459575407239
"HMP_2019_ibdmdb__CSM5MCYQ_P",3.27839486952036
"HMP_2019_ibdmdb__MSM9VZEU",2.39951137549621
"HMP_2019_ibdmdb__CSM5MCYO_P",3.53720022864077
"HMP_2019_ibdmdb__CSM7KOKR",2.96472345529436
"HMP_2019_ibdmdb__MSMAPC6K",3.89393084355245
"HMP_2019_ibdmdb__CSM7KORC",2.67666450798402
"HMP_2019_ibdmdb__CSM79HLC",2.44362770626267
"HMP_2019_ibdmdb__CSM79HQF",1.67181734122591
"HMP_2019_ibdmdb__MSM79HDG_TR",1.55410296287155
"HMP_2019_ibdmdb__CSM5MCWK_P",3.06393222302764
"HMP_2019_ibdmdb__MSM9VZHN",2.64040085139728
"HMP_2019_ibdmdb__MSM9VZHB",2.82473057946555
"HMP_2019_ibdmdb__CSM79HJA",2.60615950331047
"HMP_2019_ibdmdb__CSM9X235",3.03683897543916
"HMP_2019_ibdmdb__MSMB4LYB",3.20492917522495
"HMP_2019_ibdmdb__CSM7KOOF",2.65457266452953
"HMP_2019_ibdmdb__CSM79HPC",2.35661980316944
"HMP_2019_ibdmdb__MSM6J2IQ",2.54714129531528
"HMP_2019_ibdmdb__CSM5MCUC_P",2.44013377562377
"HMP_2019_ibdmdb__MSM6J2MD",2.82589693431812
"HMP_2019_ibdmdb__MSM6J2K4",3.1979231354655
"HMP_2019_ibdmdb__MSM9VZI2",1.81039936483805
"HMP_2019_ibdmdb__CSM7KOKL_P",2.7895276600395
"HMP_2019_ibdmdb__CSM67UFZ",2.90537371755103
"HMP_2019_ibdmdb__CSM67U9D",3.31855025794542
"HMP_2019_ibdmdb__CSM79HH2_P",2.71880994352899
"HMP_2019_ibdmdb__CSM7KOJS",2.13290667419488
"HMP_2019_ibdmdb__MSM6J2HP",3.47124444005559
"HMP_2019_ibdmdb__CSM67UDY",2.27757693524369
"HMP_2019_ibdmdb__MSM9VZEK",2.63530875047168
"HMP_2019_ibdmdb__MSM6J2LW",3.74485139221189
"HMP_2019_ibdmdb__MSM79HD6_P",2.43589058270882
"HMP_2019_ibdmdb__MSM9VZME",2.31122991993516
"HMP_2019_ibdmdb__MSMB4LZR",2.16295342932751
"HMP_2019_ibdmdb__MSM6J2J3",3.43191928737168
"HMP_2019_ibdmdb__CSM79HR8",2.11311397678593
"HMP_2019_ibdmdb__MSM79HBB",3.71223729604563
"HMP_2019_ibdmdb__MSM5ZOJY_P",3.14704703870063
"HMP_2019_ibdmdb__CSM79HM7",3.06448572217145
"HMP_2019_ibdmdb__MSM79HDK",3.06516266580316
"HMP_2019_ibdmdb__CSM9X1YV",2.56346567751958
"HMP_2019_ibdmdb__CSM79HI7",1.98385930261594
"HMP_2019_ibdmdb__CSM5MCXJ",2.43932309485789
"HMP_2019_ibdmdb__MSM79HEW",2.80425050932666
"HMP_2019_ibdmdb__CSM79HIT",3.6230666819636
"HMP_2019_ibdmdb__MSM9VZNH",3.19264933079011
"HMP_2019_ibdmdb__MSM79HDS",3.17367672687303
"HMP_2019_ibdmdb__CSM9X215",2.46271189982184
"HMP_2019_ibdmdb__CSM79HJU",1.84742967566982
"HMP_2019_ibdmdb__MSM9VZOG",2.63419551297286
"HMP_2019_ibdmdb__CSM9X21T",2.95372561215989
"HMP_2019_ibdmdb__CSM79HID",2.2338903930832
"HMP_2019_ibdmdb__CSM7KORO",2.67436567529639
"HMP_2019_ibdmdb__CSM79HLG",2.9182868127926
"HMP_2019_ibdmdb__CSM79HMP",3.51436111863274
"HMP_2019_ibdmdb__MSM5LLEP",3.15381723370926
"HMP_2019_ibdmdb__MSM9VZOU",2.26688239616289
"HMP_2019_ibdmdb__MSM6J2PM",2.85386161362091
"HMP_2019_ibdmdb__CSM7KOP6",3.43349726253487
"HMP_2019_ibdmdb__MSM9VZHF",2.68315572917539
"HMP_2019_ibdmdb__MSM79HBZ",1.74603483689033
"HMP_2019_ibdmdb__MSM79H9Q",3.43706426705072
"HMP_2019_ibdmdb__CSM7KOTQ",2.94249532819964
"HMP_2019_ibdmdb__CSM7KOPG",2.12344235108638
"HMP_2019_ibdmdb__CSM7KOPU",2.53321887610561
"HMP_2019_ibdmdb__CSM67UDR",2.38329284152464
"HMP_2019_ibdmdb__MSM9VZLB",3.82639092418203
"HMP_2019_ibdmdb__CSM79HQB",3.86907619353657
"HMP_2019_ibdmdb__CSM79HM1",3.03333954266327
"HMP_2019_ibdmdb__MSMB4LZK",2.32715143186212
"HMP_2019_ibdmdb__CSM79HGN_P",1.46438700867645
"HMP_2019_ibdmdb__MSM5LLGF_P",2.4712176828
"HMP_2019_ibdmdb__CSM7KONK",1.47585616730083
"HMP_2019_ibdmdb__CSM7KOMZ",2.86451006915414
"HMP_2019_ibdmdb__MSM79H5U",3.36097462210308
"HMP_2019_ibdmdb__CSM67UAS",2.56441756879581
"HMP_2019_ibdmdb__CSM5FZ4K_P",2.85673276595393
"HMP_2019_ibdmdb__CSM5MCV1_P",1.42597428617692
"HMP_2019_ibdmdb__CSM67UB5_P",2.73697908362596
"HMP_2019_ibdmdb__MSM9VZMC",1.70274820325515
"HMP_2019_ibdmdb__CSM7KOJW",2.50130346878429
"HMP_2019_ibdmdb__MSM79H5E",3.95562425843208
"HMP_2019_ibdmdb__CSM67U9H_P",1.54062333838293
"HMP_2019_ibdmdb__MSMA26BD",3.78806295733165
"HMP_2019_ibdmdb__MSM6J2J5",3.22906598287543
"HMP_2019_ibdmdb__MSM6J2JF_P",2.98200571708838
"HMP_2019_ibdmdb__CSM79HQT_P",3.34775272825921
"HMP_2019_ibdmdb__MSM9VZFH",3.53913706039976
"HMP_2019_ibdmdb__CSMA88CB",2.52107058479127
"HMP_2019_ibdmdb__CSM79HLI",2.41937838756134
"HMP_2019_ibdmdb__MSM9VZHX",1.924557575617
"HMP_2019_ibdmdb__CSM67UAM",2.20962234602024
"HMP_2019_ibdmdb__MSM6J2QB",3.12903082758549
"HMP_2019_ibdmdb__CSM7KORS",2.41145294164023
"HMP_2019_ibdmdb__MSM79HDA",1.96319263867668
"HMP_2019_ibdmdb__MSM5LLH8_P",1.83197932063484
"HMP_2019_ibdmdb__CSM7KOQX",2.90855277991751
"HMP_2019_ibdmdb__CSM7KOOX",2.45127758481457
"HMP_2019_ibdmdb__MSM5LLDE",2.59871684465746
"HMP_2019_ibdmdb__CSM5MCZ3",2.69442630168216
"HMP_2019_ibdmdb__CSM5FZ3V_P",2.08152750709017
"HMP_2019_ibdmdb__CSM7KOMB",2.38219049159825
"HMP_2019_ibdmdb__CSM67UDF",2.37913358346981
"HMP_2019_ibdmdb__MSM6J2JT",2.75017781107959
"HMP_2019_ibdmdb__MSM9VZLD",3.72707885384088
"HMP_2019_ibdmdb__CSM5MCZF",3.05537493149918
"HMP_2019_ibdmdb__CSM5MCUA_P",2.29937522224802
"HMP_2019_ibdmdb__MSM79HCR",2.23087582318558
"HMP_2019_ibdmdb__MSM9VZL9",3.70809973082792
"HMP_2019_ibdmdb__MSM5LLIC_P",3.80428316746423
"HMP_2019_ibdmdb__MSM9VZOW",1.98386146544368
"HMP_2019_ibdmdb__MSM6J2HD",1.4632913140995
"HMP_2019_ibdmdb__CSM5MCYM_P",3.37980557259871
"HMP_2019_ibdmdb__CSM7KOP2",1.70107229567192
"HMP_2019_ibdmdb__CSM67U9H",1.54727169777788
"HMP_2019_ibdmdb__MSM79HBP",3.47932412184655
"HMP_2019_ibdmdb__MSM9VZIW",2.54209837274982
"HMP_2019_ibdmdb__CSM5MCYW",1.95375832077389
"HMP_2019_ibdmdb__MSM9VZKI",2.94904920719473
"HMP_2019_ibdmdb__MSM9VZPT",3.62519036169928
"HMP_2019_ibdmdb__CSM7KOSJ",1.69533079808575
"HMP_2019_ibdmdb__CSM67UAA",2.18368904663257
"HMP_2019_ibdmdb__CSM7KOMV_P",3.32297445600317
"HMP_2019_ibdmdb__CSM79HNK",2.72402581108146
"HMP_2019_ibdmdb__CSM5MCXF_P",2.7465471271014
"HMP_2019_ibdmdb__CSM79HQ9",1.16915956845873
"HMP_2019_ibdmdb__MSMAPC5B",2.3127670194129
"HMP_2019_ibdmdb__MSM79H52_P",3.2168576322091
"HMP_2019_ibdmdb__MSM6J2JN",2.58915193692276
"HMP_2019_ibdmdb__MSM9VZL5",2.93664888917329
"HMP_2019_ibdmdb__MSM6J2Q7",3.02921715060509
"HMP_2019_ibdmdb__MSM79H9M",3.76544602027627
"HMP_2019_ibdmdb__CSM5MCXR",2.58285849056027
"HMP_2019_ibdmdb__MSM79H81",2.7423447795979
"HMP_2019_ibdmdb__CSM79HG7_P",3.18218707123757
"HMP_2019_ibdmdb__CSM7KOMP",3.23932253650799
"HMP_2019_ibdmdb__MSM6J2K2",2.69067615620723
"HMP_2019_ibdmdb__MSM6J2HH",2.17860869185288
"HMP_2019_ibdmdb__MSM79H7O",3.62192960755421
"HMP_2019_ibdmdb__MSM6J2SI",3.16722371599194
"HMP_2019_ibdmdb__MSM633FF_P",2.90461972737125
"HMP_2019_ibdmdb__MSM9VZF7",2.94870764512909
"HMP_2019_ibdmdb__MSM6J2QF",2.6957545774374
"HMP_2019_ibdmdb__MSMA26BB",3.71368890806578
"HMP_2019_ibdmdb__CSM79HPA_TR",2.93928406959711
"HMP_2019_ibdmdb__CSM79HNY_P",2.32180857846024
"HMP_2019_ibdmdb__MSM5LLH4_P",1.99424082204105
"HMP_2019_ibdmdb__MSM6J2M3",3.97870012800597
"HMP_2019_ibdmdb__MSMA2684",3.07882604175094
"HMP_2019_ibdmdb__CSM79HJ2_P",2.0379602169265
"HMP_2019_ibdmdb__MSM79H5G",3.90359000471456
"HMP_2019_ibdmdb__CSM7KOOZ",1.88622942050964
"HMP_2019_ibdmdb__MSM6J2RM",2.61435394809651
"HMP_2019_ibdmdb__MSM79HDI",2.31260830858599
"HMP_2019_ibdmdb__MSM9VZNH_TR",3.17110651764688
"HMP_2019_ibdmdb__CSM79HHM",3.51905469300375
"HMP_2019_ibdmdb__MSM9VZIY",2.81481213087289
"HMP_2019_ibdmdb__CSM5MCZD",3.28352762369512
"HMP_2019_ibdmdb__CSM9X222",3.01753650029761
"HMP_2019_ibdmdb__CSM5FZ3R_P",1.77236405864385
"HMP_2019_ibdmdb__MSM79H7E",2.89206749000429
"HMP_2019_ibdmdb__MSMAPC57",2.62971699637185
"HMP_2019_ibdmdb__CSM7KONU",2.66340264402129
"HMP_2019_ibdmdb__CSM7KOKP_P",2.51860670635295
"HMP_2019_ibdmdb__CSM79HLM",2.4727693600027
"HMP_2019_ibdmdb__CSM7KOJU",1.99840081123889
"HMP_2019_ibdmdb__CSM7KOQZ_P",2.61502663025748
"HMP_2019_ibdmdb__MSM79HCI",2.31393577071091
"HMP_2019_ibdmdb__CSM6J2H9_P",3.28463284599502
"HMP_2019_ibdmdb__CSM79HJC_P",2.45541144017674
"HMP_2019_ibdmdb__CSM7KOTC",3.02999636849869
"HMP_2019_ibdmdb__CSM79HQX",1.81185246693524
"HMP_2019_ibdmdb__CSM5MCUK_P",3.2660363641674
"HMP_2019_ibdmdb__CSM7KOK1",2.15340977433351
"HMP_2019_ibdmdb__CSM67UEW",3.50561900639513
"HMP_2019_ibdmdb__CSM7KOR2",2.53253585118077
"HMP_2019_ibdmdb__CSM7KON2",3.17160094446694
"HMP_2019_ibdmdb__MSM79H9W",4.11311672255468
"HMP_2019_ibdmdb__CSM79HKT",1.92014933370156
"HMP_2019_ibdmdb__MSMAPC59",2.98548076420272
"HMP_2019_ibdmdb__CSM9X1XU",2.24634607949544
"HMP_2019_ibdmdb__MSM5LLFO_P",1.35144690262651
"HMP_2019_ibdmdb__MSMA26BL",3.11887346452145
"HMP_2019_ibdmdb__MSMA26AT",3.35650127055344
"HMP_2019_ibdmdb__CSM79HHW_P",1.99277849834083
"HMP_2019_ibdmdb__CSM5FZ3N_P",2.003398390326
"HMP_2019_ibdmdb__CSM67UB9",1.62710601191591
"HMP_2019_ibdmdb__MSM5LLIM_P",2.95314216550669
"HMP_2019_ibdmdb__CSM5MCXB_P",3.26091937296643
"HMP_2019_ibdmdb__MSM7J16L",2.79244970388822
"HMP_2019_ibdmdb__CSM5MCUG_P",3.0252678272058
"HMP_2019_ibdmdb__MSM6J2JD",3.07398181443661
"HMP_2019_ibdmdb__MSM9VZF1",2.46657429152959
"HMP_2019_ibdmdb__MSM9VZL7",3.60228772112411
"HMP_2019_ibdmdb__MSM9VZNL",3.55974568848267
"HMP_2019_ibdmdb__MSM6J2Q9",2.65872983697858
